
	<!DOCTYPE project [
		<!ELEMENT project (objectids-table | current-scenario | duration | aggregation-period | truncated-mean | percentile)* >
	
		<!ELEMENT objectids-table (objectids-entry)* >
		<!ELEMENT objectids-entry (#PCDATA)>
		<!ELEMENT duration (#PCDATA)>
		<!ELEMENT truncated-mean (#PCDATA)>
		<!ELEMENT percentile (#PCDATA)>
		<!ELEMENT aggregation-period (#PCDATA)>
		<!ELEMENT current-scenario (#PCDATA)>
		<!ATTLIST duration
		    value CDATA #REQUIRED>
	    <!ATTLIST aggregation-period
		    value CDATA #REQUIRED>
		<!ATTLIST objectids-entry
		    objectid CDATA #REQUIRED
		    type CDATA #REQUIRED
		    value CDATA #REQUIRED
		    key CDATA #REQUIRED>
		<!ATTLIST truncated-mean
		    centered-interval CDATA #REQUIRED
		    percentage CDATA #REQUIRED>
		 <!ATTLIST percentile
		    percentage CDATA #REQUIRED>
	]>


<!--****** RUNTIME PROJECT ******--><project>
<!--****** CURRENT SCENARIO ******-->
<current-scenario>browerBased</current-scenario>
<!--****** OBJECTIDS ******-->
<objectids-table>
<objectids-entry key="" objectid="0" type="LG_HOST" value="171.33.116.179:443"/>
<objectids-entry key="" objectid="1" type="ZONE" value="Europe France (Paris 2)"/>
<objectids-entry key="Europe France (Paris 2)¤Browser¤" objectid="2" type="POPULATION" value="Browser"/>
<objectids-entry key="Europe France (Paris 2)¤Browser¤Browserbased" objectid="3" type="VIRTUAL_USER" value="Browserbased"/>
<objectids-entry key="Europe France (Paris 2)¤Browser¤Browserbased" objectid="4" type="BASIC_LOGICAL_CONTAINER" value="$parent=Browserbased;$index=0"/>
<objectids-entry key="Europe France (Paris 2)¤Browser¤Browserbased" objectid="5" type="BASIC_LOGICAL_CONTAINER" value="$parent=Browserbased;$index=1"/>
<objectids-entry key="Europe France (Paris 2)¤Browser¤Browserbased" objectid="6" type="BASIC_LOGICAL_CONTAINER" value="a7307f3e-e45a-4c67-8b67-dde5ca482356"/>
<objectids-entry key="Europe France (Paris 2)¤Browser¤Browserbased" objectid="7" type="CUSTOM_ACTION" value="94869c27-062e-4007-9aff-b0dfd101d61d"/>
<objectids-entry key="Europe France (Paris 2)¤Browser¤Browserbased" objectid="8" type="BASIC_LOGICAL_CONTAINER" value="86ee8959-955d-42ac-ab5c-8a136830b340"/>
<objectids-entry key="Europe France (Paris 2)¤Browser¤Browserbased" objectid="9" type="CUSTOM_ACTION" value="4cee9ad2-4d5f-444b-96c6-c225372d1163"/>
<objectids-entry key="Europe France (Paris 2)¤Browser¤Browserbased" objectid="10" type="BASIC_LOGICAL_CONTAINER" value="3481259d-8bbd-4028-ab59-69980bb2d941"/>
<objectids-entry key="Europe France (Paris 2)¤Browser¤Browserbased" objectid="11" type="CUSTOM_ACTION" value="558c7f9e-0171-4622-ac66-797ee01a3f2a"/>
<objectids-entry key="Europe France (Paris 2)¤Browser¤Browserbased" objectid="12" type="BASIC_LOGICAL_CONTAINER" value="608ccd65-5096-42e5-bce0-ff4deb549f34"/>
<objectids-entry key="Europe France (Paris 2)¤Browser¤Browserbased" objectid="13" type="CUSTOM_ACTION" value="6501cb40-a4e8-4e64-8c78-a330ca31f47e"/>
<objectids-entry key="Europe France (Paris 2)¤Browser¤Browserbased" objectid="14" type="BASIC_LOGICAL_CONTAINER" value="e1b3b0c4-16e2-4ac2-bce1-37498a7e632d"/>
<objectids-entry key="Europe France (Paris 2)¤Browser¤Browserbased" objectid="15" type="CUSTOM_ACTION" value="729bbd73-8eb7-43fa-995d-d646ac4cbbd2"/>
<objectids-entry key="Europe France (Paris 2)¤Browser¤Browserbased" objectid="16" type="BASIC_LOGICAL_CONTAINER" value="727e1827-5fbe-4f00-9525-49cb544992c8"/>
<objectids-entry key="Europe France (Paris 2)¤Browser¤Browserbased" objectid="17" type="CUSTOM_ACTION" value="13c979d5-85f2-4fcb-b0e9-a49f3515419d"/>
<objectids-entry key="Europe France (Paris 2)¤Browser¤Browserbased" objectid="18" type="BASIC_LOGICAL_CONTAINER" value="091f9d03-47a6-4840-b4fd-7b41d524d42a"/>
<objectids-entry key="Europe France (Paris 2)¤Browser¤Browserbased" objectid="19" type="CUSTOM_ACTION" value="6825962b-93a9-458f-8535-50867ef7ce5b"/>
<objectids-entry key="Europe France (Paris 2)¤Browser¤Browserbased" objectid="20" type="BASIC_LOGICAL_CONTAINER" value="ac534278-42fe-4c65-a535-6e7c86dcbc8c"/>
<objectids-entry key="Europe France (Paris 2)¤Browser¤Browserbased" objectid="21" type="CUSTOM_ACTION" value="4c0bf1d5-8a9f-49d1-9619-c33f7f16a7b7"/>
<objectids-entry key="Europe France (Paris 2)¤Browser¤Browserbased" objectid="22" type="BASIC_LOGICAL_CONTAINER" value="c0e95191-df2f-4f5a-8ffb-d15d7c600fb4"/>
<objectids-entry key="Europe France (Paris 2)¤Browser¤Browserbased" objectid="23" type="CUSTOM_ACTION" value="3981c3f5-73b3-42f4-a26f-bcb1796edaa1"/>
<objectids-entry key="Europe France (Paris 2)¤Browser¤Browserbased" objectid="24" type="BASIC_LOGICAL_CONTAINER" value="431dc527-ad50-444c-be32-7e74b5134a19"/>
<objectids-entry key="Europe France (Paris 2)¤Browser¤Browserbased" objectid="25" type="CUSTOM_ACTION" value="d43ca613-a8d8-46cb-897f-c6463eb20997"/>
<objectids-entry key="Europe France (Paris 2)¤Browser¤Browserbased" objectid="26" type="BASIC_LOGICAL_CONTAINER" value="e641389b-a332-4da5-910d-6e3f712ed677"/>
<objectids-entry key="Europe France (Paris 2)¤Browser¤Browserbased" objectid="27" type="CUSTOM_ACTION" value="794227d4-4ee5-47b4-881b-ab76b75c9fe8"/>
<objectids-entry key="Europe France (Paris 2)¤Browser¤Browserbased" objectid="28" type="BASIC_LOGICAL_CONTAINER" value="17045c9c-6b83-40eb-afc0-6a8e8ded9011"/>
<objectids-entry key="Europe France (Paris 2)¤Browser¤Browserbased" objectid="29" type="CUSTOM_ACTION" value="536e6974-4023-4b5a-8b52-d61668197122"/>
<objectids-entry key="Europe France (Paris 2)¤Browser¤Browserbased" objectid="30" type="BASIC_LOGICAL_CONTAINER" value="$parent=Browserbased;$index=2"/>
<objectids-entry key="Europe France (Paris 2)¤Browser¤Browserbased" objectid="31" type="CUSTOM_ACTION" value="d3915f25-ac1f-44fe-a56e-63b04adf9a56"/>
<objectids-entry key="¤¤" objectid="32" type="MONITORED_HOST" value="SampleServerNode01"/>
<objectids-entry key="¤¤" objectid="33" type="MONITORCONNECTION" value="SampleServerNode01$http-apache"/>
<objectids-entry key="¤¤" objectid="34" type="MONITOR" value="SampleServerNode01$http-apache$All/Total Accesses"/>
<objectids-entry key="¤¤" objectid="35" type="MONITOR" value="SampleServerNode01$http-apache$All/Total kBytes"/>
<objectids-entry key="¤¤" objectid="36" type="MONITOR" value="SampleServerNode01$http-apache$All/Uptime"/>
<objectids-entry key="¤¤" objectid="37" type="MONITOR" value="SampleServerNode01$http-apache$All/ReqPerSec"/>
<objectids-entry key="¤¤" objectid="38" type="MONITOR" value="SampleServerNode01$http-apache$All/BytesPerSec"/>
<objectids-entry key="¤¤" objectid="39" type="MONITOR" value="SampleServerNode01$http-apache$All/BytesPerReq"/>
<objectids-entry key="¤¤" objectid="40" type="MONITOR" value="SampleServerNode01$http-apache$All/BusyWorkers"/>
<objectids-entry key="¤¤" objectid="41" type="MONITOR" value="SampleServerNode01$http-apache$All/%BusyWorkers"/>
<objectids-entry key="¤¤" objectid="42" type="THRESHOLD" value="SampleServerNode01$http-apache$e01aca1f-b304-4b49-9eb7-1e3c8322b8e5"/>
<objectids-entry key="¤¤" objectid="43" type="MONITOR" value="SampleServerNode01$http-apache$All/IdleWorkers"/>
<objectids-entry key="¤¤" objectid="44" type="MONITORED_HOST" value="SampleServerNode02"/>
<objectids-entry key="¤¤" objectid="45" type="MONITORCONNECTION" value="SampleServerNode02$http-apache"/>
<objectids-entry key="¤¤" objectid="46" type="MONITOR" value="SampleServerNode02$http-apache$All/Total Accesses"/>
<objectids-entry key="¤¤" objectid="47" type="MONITOR" value="SampleServerNode02$http-apache$All/Total kBytes"/>
<objectids-entry key="¤¤" objectid="48" type="MONITOR" value="SampleServerNode02$http-apache$All/Uptime"/>
<objectids-entry key="¤¤" objectid="49" type="MONITOR" value="SampleServerNode02$http-apache$All/ReqPerSec"/>
<objectids-entry key="¤¤" objectid="50" type="MONITOR" value="SampleServerNode02$http-apache$All/BytesPerSec"/>
<objectids-entry key="¤¤" objectid="51" type="MONITOR" value="SampleServerNode02$http-apache$All/BytesPerReq"/>
<objectids-entry key="¤¤" objectid="52" type="MONITOR" value="SampleServerNode02$http-apache$All/BusyWorkers"/>
<objectids-entry key="¤¤" objectid="53" type="MONITOR" value="SampleServerNode02$http-apache$All/%BusyWorkers"/>
<objectids-entry key="¤¤" objectid="54" type="THRESHOLD" value="SampleServerNode02$http-apache$a1f02f45-8f98-405d-9b8c-94308fafc6b3"/>
<objectids-entry key="¤¤" objectid="55" type="MONITOR" value="SampleServerNode02$http-apache$All/IdleWorkers"/>
<objectids-entry key="¤¤" objectid="56" type="MONITORED_HOST" value="NeoLoad"/>
<objectids-entry key="¤¤" objectid="57" type="MONITORCONNECTION" value="NeoLoad$NeoLoad"/>
<objectids-entry key="¤¤" objectid="58" type="MONITOR" value="NeoLoad$NeoLoad$UserLoad"/>
<objectids-entry key="¤¤" objectid="59" type="MONITOR" value="NeoLoad$NeoLoad$throughput"/>
<objectids-entry key="¤¤" objectid="60" type="MONITOR" value="NeoLoad$NeoLoad$Alerts"/>
<objectids-entry key="¤¤" objectid="61" type="MONITOR" value="NeoLoad$NeoLoad$CriticalAlerts"/>
<objectids-entry key="¤¤" objectid="62" type="MONITOR" value="NeoLoad$NeoLoad$WarningAlerts"/>
<objectids-entry key="¤¤" objectid="63" type="MONITOR" value="NeoLoad$NeoLoad$cpu"/>
<objectids-entry key="¤¤" objectid="64" type="THRESHOLD" value="NeoLoad$NeoLoad$6a0925b1-00d8-4fe6-982f-df13b970d44a"/>
<objectids-entry key="¤¤" objectid="65" type="MONITOR" value="NeoLoad$NeoLoad$memory"/>
<objectids-entry key="¤¤" objectid="66" type="THRESHOLD" value="NeoLoad$NeoLoad$c2e6fd62-e259-41cf-a125-e0ca1cf57a5f"/>
<objectids-entry key="¤¤" objectid="67" type="MONITOR" value="NeoLoad$NeoLoad$threadcount"/>
<objectids-entry key="¤¤" objectid="68" type="MONITOR" value="NeoLoad$NeoLoad$connectedlg"/>
<objectids-entry key="¤¤" objectid="69" type="MONITOR" value="NeoLoad$NeoLoad$totallgdisconnections"/>
<objectids-entry key="¤¤" objectid="70" type="THRESHOLD" value="NeoLoad$NeoLoad$fe8bb678-7f53-4785-b430-0836c36ff2e7"/>
<objectids-entry key="¤¤" objectid="71" type="MONITOR" value="NeoLoad$NeoLoad$totallgreconnections"/>
<objectids-entry key="¤¤" objectid="72" type="MONITOR" value="NeoLoad$NeoLoad$otcp.NeoLoad"/>
<objectids-entry key="¤¤" objectid="73" type="MONITOR" value="NeoLoad$NeoLoad$tcp.NeoLoad"/>
<objectids-entry key="¤¤" objectid="74" type="MONITOR" value="NeoLoad$NeoLoad$ibytesperinterface~NeoLoad~wlp2s0"/>
<objectids-entry key="¤¤" objectid="75" type="MONITOR" value="NeoLoad$NeoLoad$obytesperinterface~NeoLoad~wlp2s0"/>
<objectids-entry key="¤¤" objectid="76" type="MONITOR" value="NeoLoad$NeoLoad$nlwebdownload"/>
<objectids-entry key="¤¤" objectid="77" type="MONITOR" value="NeoLoad$NeoLoad$nlwebupload"/>
<objectids-entry key="¤¤" objectid="78" type="MONITOR" value="NeoLoad$NeoLoad$SapUserLoad"/>
<objectids-entry key="¤¤" objectid="79" type="MONITOR" value="NeoLoad$NeoLoad$zoneuserload~Default zone"/>
<objectids-entry key="¤¤" objectid="80" type="MONITOR" value="NeoLoad$NeoLoad$zoneuserload~Europe France (Paris 2)"/>
<objectids-entry key="¤¤" objectid="81" type="MONITOR" value="NeoLoad$NeoLoad$zoneuserloadperpopulation~Europe France (Paris 2)~Browser"/>
<objectids-entry key="¤¤" objectid="82" type="MONITOR" value="NeoLoad$NeoLoad$zoneuserloadperpopulation~Europe France (Paris 2)~Browser~Browserbased"/>
<objectids-entry key="¤¤" objectid="83" type="MONITORED_HOST" value="LG 171.33.116.179:443"/>
<objectids-entry key="¤¤" objectid="84" type="MONITORCONNECTION" value="LG 171.33.116.179:443$NeoLoad"/>
<objectids-entry key="¤¤" objectid="85" type="MONITOR" value="LG 171.33.116.179:443$NeoLoad$lgcpu.171.33.116.179:443"/>
<objectids-entry key="¤¤" objectid="86" type="THRESHOLD" value="LG 171.33.116.179:443$NeoLoad$68c5ac26-7e2f-48d3-8717-fbbd68eb479e"/>
<objectids-entry key="¤¤" objectid="87" type="MONITOR" value="LG 171.33.116.179:443$NeoLoad$lgmemory.171.33.116.179:443"/>
<objectids-entry key="¤¤" objectid="88" type="THRESHOLD" value="LG 171.33.116.179:443$NeoLoad$6ade75b5-11a4-44ee-9b42-678fdba088c5"/>
<objectids-entry key="¤¤" objectid="89" type="MONITOR" value="LG 171.33.116.179:443$NeoLoad$lgthroughput.171.33.116.179:443"/>
<objectids-entry key="¤¤" objectid="90" type="MONITOR" value="LG 171.33.116.179:443$NeoLoad$lguserloadperpopulation~171.33.116.179:443"/>
<objectids-entry key="¤¤" objectid="91" type="MONITOR" value="LG 171.33.116.179:443$NeoLoad$lgthreadcount.171.33.116.179:443"/>
<objectids-entry key="¤¤" objectid="92" type="MONITOR" value="LG 171.33.116.179:443$NeoLoad$lg.jetty.httpclient.threadpool.used.171.33.116.179:443"/>
<objectids-entry key="¤¤" objectid="93" type="MONITOR" value="LG 171.33.116.179:443$NeoLoad$lg.jetty.httpclient.taskpool.used.171.33.116.179:443"/>
<objectids-entry key="¤¤" objectid="94" type="THRESHOLD" value="LG 171.33.116.179:443$NeoLoad$39a05dfb-769a-4389-b676-0d90c9c8bd7d"/>
<objectids-entry key="¤¤" objectid="95" type="MONITOR" value="LG 171.33.116.179:443$NeoLoad$lgdisconnections.171.33.116.179:443"/>
<objectids-entry key="¤¤" objectid="96" type="MONITOR" value="LG 171.33.116.179:443$NeoLoad$lgreconnections.171.33.116.179:443"/>
<objectids-entry key="¤¤" objectid="97" type="MONITOR" value="LG 171.33.116.179:443$NeoLoad$lgping.171.33.116.179:443"/>
<objectids-entry key="¤¤" objectid="98" type="MONITOR" value="LG 171.33.116.179:443$NeoLoad$lgotcp.171.33.116.179:443"/>
<objectids-entry key="¤¤" objectid="99" type="MONITOR" value="LG 171.33.116.179:443$NeoLoad$lgtcp.171.33.116.179:443"/>
<objectids-entry key="¤¤" objectid="100" type="MONITOR" value="LG 171.33.116.179:443$NeoLoad$lgibytesperinterface~171.33.116.179:443~eth0"/>
<objectids-entry key="¤¤" objectid="101" type="MONITOR" value="LG 171.33.116.179:443$NeoLoad$lgobytesperinterface~171.33.116.179:443~eth0"/>
</objectids-table>
<!--****** DURATION ******-->
<duration value="3381274"/>
<!--****** AGGREGATION PERIOD ******-->
<aggregation-period value="5000"/>
<!--****** EXTENDED STATISTICS ******-->
<truncated-mean centered-interval="true" percentage="90"/>
<percentile percentage="50"/>
</project>
