
	<!DOCTYPE project [
		<!ELEMENT project (objectids-table | current-scenario | duration | aggregation-period | truncated-mean | percentile)* >
	
		<!ELEMENT objectids-table (objectids-entry)* >
		<!ELEMENT objectids-entry (#PCDATA)>
		<!ELEMENT duration (#PCDATA)>
		<!ELEMENT truncated-mean (#PCDATA)>
		<!ELEMENT percentile (#PCDATA)>
		<!ELEMENT aggregation-period (#PCDATA)>
		<!ELEMENT current-scenario (#PCDATA)>
		<!ATTLIST duration
		    value CDATA #REQUIRED>
	    <!ATTLIST aggregation-period
		    value CDATA #REQUIRED>
		<!ATTLIST objectids-entry
		    objectid CDATA #REQUIRED
		    type CDATA #REQUIRED
		    value CDATA #REQUIRED
		    key CDATA #REQUIRED>
		<!ATTLIST truncated-mean
		    centered-interval CDATA #REQUIRED
		    percentage CDATA #REQUIRED>
		 <!ATTLIST percentile
		    percentage CDATA #REQUIRED>
	]>


<!--****** RUNTIME PROJECT ******--><project>
<!--****** CURRENT SCENARIO ******-->
<current-scenario>test</current-scenario>
<!--****** OBJECTIDS ******-->
<objectids-table>
<objectids-entry key="" objectid="0" type="LG_HOST" value="localhost:7100"/>
<objectids-entry key="" objectid="1" type="ZONE" value="Default zone"/>
<objectids-entry key="Default zone¤fgsdxg¤" objectid="2" type="POPULATION" value="fgsdxg"/>
<objectids-entry key="Default zone¤fgsdxg¤Browserbased_1" objectid="3" type="VIRTUAL_USER" value="Browserbased_1"/>
<objectids-entry key="Default zone¤fgsdxg¤Browserbased_1" objectid="4" type="BASIC_LOGICAL_CONTAINER" value="$parent=Browserbased_1;$index=0"/>
<objectids-entry key="Default zone¤fgsdxg¤Browserbased_1" objectid="5" type="BASIC_LOGICAL_CONTAINER" value="$parent=Browserbased_1;$index=1"/>
<objectids-entry key="Default zone¤fgsdxg¤Browserbased_1" objectid="6" type="BASIC_LOGICAL_CONTAINER" value="1c0631e2-bcdf-4238-8e68-60ae7ca5f126"/>
<objectids-entry key="Default zone¤fgsdxg¤Browserbased_1" objectid="7" type="CUSTOM_ACTION" value="d21f3427-e56c-4a45-a2be-fde96b966bf3"/>
<objectids-entry key="Default zone¤fgsdxg¤Browserbased_1" objectid="8" type="BASIC_LOGICAL_CONTAINER" value="b3e36ea3-09b2-4a3c-8541-d53f6f928d75"/>
<objectids-entry key="Default zone¤fgsdxg¤Browserbased_1" objectid="9" type="CUSTOM_ACTION" value="c306b190-d66a-4c98-a5af-e3ff6ed54661"/>
<objectids-entry key="Default zone¤fgsdxg¤Browserbased_1" objectid="10" type="BASIC_LOGICAL_CONTAINER" value="dfe8db7c-6b5b-4131-85e8-4de97b2c30ef"/>
<objectids-entry key="Default zone¤fgsdxg¤Browserbased_1" objectid="11" type="CUSTOM_ACTION" value="ac1c1328-675b-4a60-8485-1393255a62bd"/>
<objectids-entry key="Default zone¤fgsdxg¤Browserbased_1" objectid="12" type="BASIC_LOGICAL_CONTAINER" value="46b9e067-9c75-4ce7-9613-7012ac0daa45"/>
<objectids-entry key="Default zone¤fgsdxg¤Browserbased_1" objectid="13" type="CUSTOM_ACTION" value="9eaea5e2-8816-4c77-b35b-42da17beeeb5"/>
<objectids-entry key="Default zone¤fgsdxg¤Browserbased_1" objectid="14" type="BASIC_LOGICAL_CONTAINER" value="6825bc68-1163-45a2-bf3b-3607e8bef346"/>
<objectids-entry key="Default zone¤fgsdxg¤Browserbased_1" objectid="15" type="CUSTOM_ACTION" value="58f7d950-5194-4aff-a929-f0942cdac70b"/>
<objectids-entry key="Default zone¤fgsdxg¤Browserbased_1" objectid="16" type="BASIC_LOGICAL_CONTAINER" value="928cc1f5-bcc9-45c7-8423-738ac18fd1a7"/>
<objectids-entry key="Default zone¤fgsdxg¤Browserbased_1" objectid="17" type="CUSTOM_ACTION" value="3b48588d-beb0-4de8-9039-1aa9b1bca3e9"/>
<objectids-entry key="Default zone¤fgsdxg¤Browserbased_1" objectid="18" type="BASIC_LOGICAL_CONTAINER" value="201be3ac-830c-4e24-92ee-baaacdda4736"/>
<objectids-entry key="Default zone¤fgsdxg¤Browserbased_1" objectid="19" type="CUSTOM_ACTION" value="d633189d-0706-47a9-ba1e-19474632c0e0"/>
<objectids-entry key="Default zone¤fgsdxg¤Browserbased_1" objectid="20" type="BASIC_LOGICAL_CONTAINER" value="815ef815-5563-4be7-95d4-07bebaa0f587"/>
<objectids-entry key="Default zone¤fgsdxg¤Browserbased_1" objectid="21" type="CUSTOM_ACTION" value="d6c2b0bc-2629-42ec-bf64-d5728651939b"/>
<objectids-entry key="Default zone¤fgsdxg¤Browserbased_1" objectid="22" type="BASIC_LOGICAL_CONTAINER" value="ae8d1d69-b686-4034-95aa-7ae33afb878d"/>
<objectids-entry key="Default zone¤fgsdxg¤Browserbased_1" objectid="23" type="CUSTOM_ACTION" value="d05f9bac-4613-42ec-b382-3909c4f06b29"/>
<objectids-entry key="Default zone¤fgsdxg¤Browserbased_1" objectid="24" type="BASIC_LOGICAL_CONTAINER" value="5922835d-1a7e-4899-b9ad-4952cd7ca32e"/>
<objectids-entry key="Default zone¤fgsdxg¤Browserbased_1" objectid="25" type="CUSTOM_ACTION" value="38de237c-fa97-47ba-8fe8-8494764644d0"/>
<objectids-entry key="Default zone¤fgsdxg¤Browserbased_1" objectid="26" type="BASIC_LOGICAL_CONTAINER" value="a60e179f-4075-46b1-984b-91c92298c13b"/>
<objectids-entry key="Default zone¤fgsdxg¤Browserbased_1" objectid="27" type="CUSTOM_ACTION" value="4aa987c9-7718-42c9-9665-e401e4093275"/>
<objectids-entry key="Default zone¤fgsdxg¤Browserbased_1" objectid="28" type="BASIC_LOGICAL_CONTAINER" value="1acfd748-708d-4e16-af39-8e49fc25d8c3"/>
<objectids-entry key="Default zone¤fgsdxg¤Browserbased_1" objectid="29" type="CUSTOM_ACTION" value="839a099a-9ca6-42da-bb96-07a2df8cfe16"/>
<objectids-entry key="Default zone¤fgsdxg¤Browserbased_1" objectid="30" type="BASIC_LOGICAL_CONTAINER" value="$parent=Browserbased_1;$index=2"/>
<objectids-entry key="Default zone¤fgsdxg¤Browserbased_1" objectid="31" type="CUSTOM_ACTION" value="d28f2765-32d3-4ab2-9725-6d685bb19109"/>
<objectids-entry key="¤¤" objectid="32" type="MONITORED_HOST" value="SampleServerNode01"/>
<objectids-entry key="¤¤" objectid="33" type="MONITORCONNECTION" value="SampleServerNode01$http-apache"/>
<objectids-entry key="¤¤" objectid="34" type="MONITOR" value="SampleServerNode01$http-apache$All/Total Accesses"/>
<objectids-entry key="¤¤" objectid="35" type="MONITOR" value="SampleServerNode01$http-apache$All/Total kBytes"/>
<objectids-entry key="¤¤" objectid="36" type="MONITOR" value="SampleServerNode01$http-apache$All/Uptime"/>
<objectids-entry key="¤¤" objectid="37" type="MONITOR" value="SampleServerNode01$http-apache$All/ReqPerSec"/>
<objectids-entry key="¤¤" objectid="38" type="MONITOR" value="SampleServerNode01$http-apache$All/BytesPerSec"/>
<objectids-entry key="¤¤" objectid="39" type="MONITOR" value="SampleServerNode01$http-apache$All/BytesPerReq"/>
<objectids-entry key="¤¤" objectid="40" type="MONITOR" value="SampleServerNode01$http-apache$All/BusyWorkers"/>
<objectids-entry key="¤¤" objectid="41" type="MONITOR" value="SampleServerNode01$http-apache$All/%BusyWorkers"/>
<objectids-entry key="¤¤" objectid="42" type="THRESHOLD" value="SampleServerNode01$http-apache$e01aca1f-b304-4b49-9eb7-1e3c8322b8e5"/>
<objectids-entry key="¤¤" objectid="43" type="MONITOR" value="SampleServerNode01$http-apache$All/IdleWorkers"/>
<objectids-entry key="¤¤" objectid="44" type="MONITORED_HOST" value="SampleServerNode02"/>
<objectids-entry key="¤¤" objectid="45" type="MONITORCONNECTION" value="SampleServerNode02$http-apache"/>
<objectids-entry key="¤¤" objectid="46" type="MONITOR" value="SampleServerNode02$http-apache$All/Total Accesses"/>
<objectids-entry key="¤¤" objectid="47" type="MONITOR" value="SampleServerNode02$http-apache$All/Total kBytes"/>
<objectids-entry key="¤¤" objectid="48" type="MONITOR" value="SampleServerNode02$http-apache$All/Uptime"/>
<objectids-entry key="¤¤" objectid="49" type="MONITOR" value="SampleServerNode02$http-apache$All/ReqPerSec"/>
<objectids-entry key="¤¤" objectid="50" type="MONITOR" value="SampleServerNode02$http-apache$All/BytesPerSec"/>
<objectids-entry key="¤¤" objectid="51" type="MONITOR" value="SampleServerNode02$http-apache$All/BytesPerReq"/>
<objectids-entry key="¤¤" objectid="52" type="MONITOR" value="SampleServerNode02$http-apache$All/BusyWorkers"/>
<objectids-entry key="¤¤" objectid="53" type="MONITOR" value="SampleServerNode02$http-apache$All/%BusyWorkers"/>
<objectids-entry key="¤¤" objectid="54" type="THRESHOLD" value="SampleServerNode02$http-apache$a1f02f45-8f98-405d-9b8c-94308fafc6b3"/>
<objectids-entry key="¤¤" objectid="55" type="MONITOR" value="SampleServerNode02$http-apache$All/IdleWorkers"/>
<objectids-entry key="¤¤" objectid="56" type="MONITORED_HOST" value="NeoLoad"/>
<objectids-entry key="¤¤" objectid="57" type="MONITORCONNECTION" value="NeoLoad$NeoLoad"/>
<objectids-entry key="¤¤" objectid="58" type="MONITOR" value="NeoLoad$NeoLoad$UserLoad"/>
<objectids-entry key="¤¤" objectid="59" type="MONITOR" value="NeoLoad$NeoLoad$throughput"/>
<objectids-entry key="¤¤" objectid="60" type="MONITOR" value="NeoLoad$NeoLoad$Alerts"/>
<objectids-entry key="¤¤" objectid="61" type="MONITOR" value="NeoLoad$NeoLoad$CriticalAlerts"/>
<objectids-entry key="¤¤" objectid="62" type="MONITOR" value="NeoLoad$NeoLoad$WarningAlerts"/>
<objectids-entry key="¤¤" objectid="63" type="MONITOR" value="NeoLoad$NeoLoad$cpu"/>
<objectids-entry key="¤¤" objectid="64" type="THRESHOLD" value="NeoLoad$NeoLoad$2a4023c7-2c2b-4523-a4ce-cbf6ddafe296"/>
<objectids-entry key="¤¤" objectid="65" type="MONITOR" value="NeoLoad$NeoLoad$memory"/>
<objectids-entry key="¤¤" objectid="66" type="THRESHOLD" value="NeoLoad$NeoLoad$a50981a5-4a92-4176-bab2-d73e24b7b1ee"/>
<objectids-entry key="¤¤" objectid="67" type="MONITOR" value="NeoLoad$NeoLoad$threadcount"/>
<objectids-entry key="¤¤" objectid="68" type="MONITOR" value="NeoLoad$NeoLoad$connectedlg"/>
<objectids-entry key="¤¤" objectid="69" type="MONITOR" value="NeoLoad$NeoLoad$totallgdisconnections"/>
<objectids-entry key="¤¤" objectid="70" type="THRESHOLD" value="NeoLoad$NeoLoad$903abc94-fe12-4be3-8e2a-eca2ae907123"/>
<objectids-entry key="¤¤" objectid="71" type="MONITOR" value="NeoLoad$NeoLoad$totallgreconnections"/>
<objectids-entry key="¤¤" objectid="72" type="MONITOR" value="NeoLoad$NeoLoad$otcp.NeoLoad"/>
<objectids-entry key="¤¤" objectid="73" type="MONITOR" value="NeoLoad$NeoLoad$tcp.NeoLoad"/>
<objectids-entry key="¤¤" objectid="74" type="MONITOR" value="NeoLoad$NeoLoad$ibytesperinterface~NeoLoad~wlp2s0"/>
<objectids-entry key="¤¤" objectid="75" type="MONITOR" value="NeoLoad$NeoLoad$obytesperinterface~NeoLoad~wlp2s0"/>
<objectids-entry key="¤¤" objectid="76" type="MONITOR" value="NeoLoad$NeoLoad$nlwebdownload"/>
<objectids-entry key="¤¤" objectid="77" type="MONITOR" value="NeoLoad$NeoLoad$nlwebupload"/>
<objectids-entry key="¤¤" objectid="78" type="MONITOR" value="NeoLoad$NeoLoad$SapUserLoad"/>
<objectids-entry key="¤¤" objectid="79" type="MONITOR" value="NeoLoad$NeoLoad$zoneuserload~Default zone"/>
<objectids-entry key="¤¤" objectid="80" type="MONITOR" value="NeoLoad$NeoLoad$zoneuserloadperpopulation~Default zone~fgsdxg"/>
<objectids-entry key="¤¤" objectid="81" type="MONITOR" value="NeoLoad$NeoLoad$zoneuserloadperpopulation~Default zone~fgsdxg~Browserbased_1"/>
<objectids-entry key="¤¤" objectid="82" type="MONITOR" value="NeoLoad$NeoLoad$zoneuserload~Europe France (Paris 2)"/>
<objectids-entry key="¤¤" objectid="83" type="MONITORED_HOST" value="LG localhost:7100"/>
<objectids-entry key="¤¤" objectid="84" type="MONITORCONNECTION" value="LG localhost:7100$NeoLoad"/>
<objectids-entry key="¤¤" objectid="85" type="MONITOR" value="LG localhost:7100$NeoLoad$lgcpu.localhost:7100"/>
<objectids-entry key="¤¤" objectid="86" type="THRESHOLD" value="LG localhost:7100$NeoLoad$b56d8600-a63e-481d-bcf1-1b28ab9d118e"/>
<objectids-entry key="¤¤" objectid="87" type="MONITOR" value="LG localhost:7100$NeoLoad$lgmemory.localhost:7100"/>
<objectids-entry key="¤¤" objectid="88" type="THRESHOLD" value="LG localhost:7100$NeoLoad$523533c8-7f33-41f9-aa17-81cb4ead03a1"/>
<objectids-entry key="¤¤" objectid="89" type="MONITOR" value="LG localhost:7100$NeoLoad$lgthroughput.localhost:7100"/>
<objectids-entry key="¤¤" objectid="90" type="MONITOR" value="LG localhost:7100$NeoLoad$lguserloadperpopulation~localhost:7100"/>
<objectids-entry key="¤¤" objectid="91" type="MONITOR" value="LG localhost:7100$NeoLoad$lgthreadcount.localhost:7100"/>
<objectids-entry key="¤¤" objectid="92" type="MONITOR" value="LG localhost:7100$NeoLoad$lg.jetty.httpclient.threadpool.used.localhost:7100"/>
<objectids-entry key="¤¤" objectid="93" type="MONITOR" value="LG localhost:7100$NeoLoad$lg.jetty.httpclient.taskpool.used.localhost:7100"/>
<objectids-entry key="¤¤" objectid="94" type="THRESHOLD" value="LG localhost:7100$NeoLoad$0ab53682-bd7a-4587-8006-8c6637e6b105"/>
<objectids-entry key="¤¤" objectid="95" type="MONITOR" value="LG localhost:7100$NeoLoad$lgdisconnections.localhost:7100"/>
<objectids-entry key="¤¤" objectid="96" type="MONITOR" value="LG localhost:7100$NeoLoad$lgreconnections.localhost:7100"/>
<objectids-entry key="¤¤" objectid="97" type="MONITOR" value="LG localhost:7100$NeoLoad$lgping.localhost:7100"/>
<objectids-entry key="¤¤" objectid="98" type="MONITOR" value="LG localhost:7100$NeoLoad$lgotcp.localhost:7100"/>
<objectids-entry key="¤¤" objectid="99" type="MONITOR" value="LG localhost:7100$NeoLoad$lgtcp.localhost:7100"/>
<objectids-entry key="¤¤" objectid="100" type="MONITOR" value="LG localhost:7100$NeoLoad$lgibytesperinterface~localhost:7100~wlp2s0"/>
<objectids-entry key="¤¤" objectid="101" type="MONITOR" value="LG localhost:7100$NeoLoad$lgobytesperinterface~localhost:7100~wlp2s0"/>
</objectids-table>
<!--****** DURATION ******-->
<duration value="301301"/>
<!--****** AGGREGATION PERIOD ******-->
<aggregation-period value="1000"/>
<!--****** EXTENDED STATISTICS ******-->
<truncated-mean centered-interval="true" percentage="90"/>
<percentile percentage="50"/>
</project>
